benefit_id,project_id,benefit_type,expected_value,realized_value,measurement_period,benefit_status
BEN001,PRJ001,Productivity,27000000.0,21932509.75,FY2024-Annual,Partially Realized
BEN002,PRJ001,Risk Reduction,18000000.0,14621673.17,FY2024-Annual,Partially Realized
BEN003,PRJ002,Risk Reduction,22800000.0,18831782.71,FY2024-Annual,Partially Realized
BEN004,PRJ002,Capacity Release,15200000.0,12554521.8,FY2024-Annual,Partially Realized
BEN005,PRJ003,Capacity Release,115200000.0,124416000.0,FY2024-Annual,Exceeded
BEN006,PRJ003,Cost Reduction,76800000.0,82944000.0,FY2024-Annual,Exceeded
BEN007,PRJ004,Cost Reduction,15600000.0,11840655.43,FY2024-Annual,Partially Realized
BEN008,PRJ004,Revenue Enablement,10400000.0,7893770.28,FY2024-Annual,Partially Realized
BEN009,PRJ005,Revenue Enablement,12600000.0,9899643.52,FY2024-Annual,Partially Realized
BEN010,PRJ005,Cycle Time Reduction,8400000.0,6599762.34,FY2024-Annual,Partially Realized
BEN011,PRJ006,Cycle Time Reduction,11100000.0,11378105.2,FY2024-Annual,Realized
BEN012,PRJ006,Customer Experience,7400000.0,7585403.46,FY2024-Annual,Realized
BEN013,PRJ007,Customer Experience,14400000.0,12189022.52,FY2024-Annual,Partially Realized
BEN014,PRJ007,Productivity,9600000.0,8126015.02,FY2024-Annual,Partially Realized
BEN015,PRJ008,Productivity,25200000.0,23497456.84,FY2024-Annual,Realized
BEN016,PRJ008,Risk Reduction,16800000.0,15664971.23,FY2024-Annual,Realized
BEN017,PRJ009,Risk Reduction,17400000.0,6716498.36,FY2024-Annual,In Progress
BEN018,PRJ009,Capacity Release,11600000.0,4477665.57,FY2024-Annual,In Progress
BEN019,PRJ010,Capacity Release,28800000.0,25059898.76,FY2024-Annual,Partially Realized
BEN020,PRJ010,Cost Reduction,19200000.0,16706599.17,FY2024-Annual,Partially Realized
BEN021,PRJ011,Cost Reduction,9000000.0,3714789.93,FY2024-Annual,In Progress
BEN022,PRJ011,Revenue Enablement,6000000.0,2476526.62,FY2024-Annual,In Progress
BEN023,PRJ012,Revenue Enablement,18600000.0,14994793.31,FY2024-Annual,Partially Realized
BEN024,PRJ012,Cycle Time Reduction,12400000.0,9996528.87,FY2024-Annual,Partially Realized
BEN025,PRJ013,Cycle Time Reduction,13200000.0,7859828.59,FY2024-Annual,In Progress
BEN026,PRJ013,Customer Experience,8800000.0,5239885.72,FY2024-Annual,In Progress
BEN027,PRJ014,Customer Experience,180000000.0,41940000.0,FY2024-Annual,Unrealized
BEN028,PRJ014,Productivity,120000000.0,27960000.0,FY2024-Annual,Unrealized
BEN029,PRJ015,Productivity,8400000.0,8362135.83,FY2024-Annual,Realized
BEN030,PRJ015,Risk Reduction,5600000.0,5574757.22,FY2024-Annual,Realized
BEN031,PRJ016,Risk Reduction,9600000.0,4767800.19,FY2024-Annual,In Progress
BEN032,PRJ016,Capacity Release,6400000.0,3178533.46,FY2024-Annual,In Progress
BEN033,PRJ017,Capacity Release,16800000.0,14962546.85,FY2024-Annual,Partially Realized
BEN034,PRJ017,Cost Reduction,11200000.0,9975031.24,FY2024-Annual,Partially Realized
BEN035,PRJ018,Cost Reduction,15000000.0,3917262.73,FY2024-Annual,In Progress
BEN036,PRJ018,Revenue Enablement,10000000.0,2611508.49,FY2024-Annual,In Progress
BEN037,PRJ019,Revenue Enablement,12000000.0,12314397.09,FY2024-Annual,Realized
BEN038,PRJ019,Cycle Time Reduction,8000000.0,8209598.06,FY2024-Annual,Realized
BEN039,PRJ020,Cycle Time Reduction,16200000.0,13809141.15,FY2024-Annual,Partially Realized
BEN040,PRJ020,Customer Experience,10800000.0,9206094.1,FY2024-Annual,Partially Realized
BEN041,PRJ021,Customer Experience,7200000.0,1584307.27,FY2024-Annual,In Progress
BEN042,PRJ021,Productivity,4800000.0,1056204.84,FY2024-Annual,In Progress
BEN043,PRJ022,Productivity,19800000.0,6671837.12,FY2024-Annual,In Progress
BEN044,PRJ022,Risk Reduction,13200000.0,4447891.41,FY2024-Annual,In Progress
BEN045,PRJ023,Risk Reduction,24000000.0,23720090.62,FY2024-Annual,Realized
BEN046,PRJ023,Capacity Release,16000000.0,15813393.75,FY2024-Annual,Realized
BEN047,PRJ024,Capacity Release,11400000.0,5119551.88,FY2024-Annual,In Progress
BEN048,PRJ024,Cost Reduction,7600000.0,3413034.58,FY2024-Annual,In Progress
BEN049,PRJ025,Cost Reduction,9000000.0,4503018.91,FY2024-Annual,In Progress
BEN050,PRJ025,Revenue Enablement,6000000.0,3002012.6,FY2024-Annual,In Progress
BEN051,PRJ026,Revenue Enablement,13200000.0,13042796.12,FY2024-Annual,Realized
BEN052,PRJ026,Cycle Time Reduction,8800000.0,8695197.41,FY2024-Annual,Realized
BEN053,PRJ027,Cycle Time Reduction,15600000.0,12691947.58,FY2024-Annual,Partially Realized
BEN054,PRJ027,Customer Experience,10400000.0,8461298.39,FY2024-Annual,Partially Realized
BEN055,PRJ028,Customer Experience,5700000.0,3246225.96,FY2024-Annual,In Progress
BEN056,PRJ028,Productivity,3800000.0,2164150.64,FY2024-Annual,In Progress
BEN057,PRJ029,Productivity,10800000.0,9519086.32,FY2024-Annual,Partially Realized
BEN058,PRJ029,Risk Reduction,7200000.0,6346057.54,FY2024-Annual,Partially Realized
BEN059,PRJ030,Risk Reduction,23400000.0,22035875.82,FY2024-Annual,Realized
BEN060,PRJ030,Capacity Release,15600000.0,14690583.88,FY2024-Annual,Realized
BEN061,PRJ031,Capacity Release,8400000.0,1687757.48,FY2024-Annual,In Progress
BEN062,PRJ031,Cost Reduction,5600000.0,1125171.65,FY2024-Annual,In Progress
BEN063,PRJ032,Cost Reduction,7800000.0,8174482.28,FY2024-Annual,Realized
BEN064,PRJ032,Revenue Enablement,5200000.0,5449654.86,FY2024-Annual,Realized
BEN065,PRJ033,Revenue Enablement,12000000.0,3748302.65,FY2024-Annual,In Progress
BEN066,PRJ033,Cycle Time Reduction,8000000.0,2498868.44,FY2024-Annual,In Progress
BEN067,PRJ034,Cycle Time Reduction,13800000.0,10606941.26,FY2024-Annual,Partially Realized
BEN068,PRJ034,Customer Experience,9200000.0,7071294.18,FY2024-Annual,Partially Realized
BEN069,PRJ035,Customer Experience,14400000.0,5519589.36,FY2024-Annual,In Progress
BEN070,PRJ035,Productivity,9600000.0,3679726.24,FY2024-Annual,In Progress
BEN071,PRJ036,Productivity,6600000.0,1660639.35,FY2024-Annual,In Progress
BEN072,PRJ036,Risk Reduction,4400000.0,1107092.9,FY2024-Annual,In Progress
BEN073,PRJ037,Risk Reduction,19200000.0,15277401.85,FY2024-Annual,Partially Realized
BEN074,PRJ037,Capacity Release,12800000.0,10184934.57,FY2024-Annual,Partially Realized
BEN075,PRJ038,Capacity Release,4800000.0,2173983.0,FY2024-Annual,In Progress
BEN076,PRJ038,Cost Reduction,3200000.0,1449322.0,FY2024-Annual,In Progress
BEN077,PRJ039,Cost Reduction,16200000.0,5786169.5,FY2024-Annual,In Progress
BEN078,PRJ039,Revenue Enablement,10800000.0,3857446.33,FY2024-Annual,In Progress
BEN079,PRJ040,Revenue Enablement,12600000.0,7166136.35,FY2024-Annual,In Progress
BEN080,PRJ040,Cycle Time Reduction,8400000.0,4777424.23,FY2024-Annual,In Progress
