consumption_id,month,application_id,business_unit_id,active_users,transactions,api_calls,compute_hours,storage_gb,tickets
CON000001,2024-01,APP001,BU002,8715,6668800,26075045,4318.811294327825,8500.0,45
CON000002,2024-01,APP002,BU003,490,90160,405720,240.0,360.0,7
CON000003,2024-01,APP003,BU004,568,114168,627924,285.0,440.0,8
CON000004,2024-01,APP003,BU006,597,119997,659983,285.0,440.0,8
CON000005,2024-01,APP004,BU005,653,142354,925301,330.0,520.0,9
CON000006,2024-01,APP005,BU006,724,170140,425350,375.0,600.0,10
CON000007,2024-01,APP006,BU007,772,194544,680904,420.0,680.0,11
CON000008,2024-01,APP006,BU009,807,203364,711774,420.0,680.0,12
CON000009,2024-01,APP007,BU008,870,234030,1053135,465.0,760.0,13
CON000010,2024-01,APP008,BU009,921,263406,1448733,510.0,840.0,13
CON000011,2024-01,APP009,BU010,1007,305121,1983286,555.0,920.0,15
CON000012,2024-01,APP009,BU002,994,301182,1957683,555.0,920.0,14
CON000013,2024-01,APP010,BU001,1032,330240,825600,600.0,1000.0,15
CON000014,2024-01,APP011,BU002,1122,378114,1323399,645.0,1080.0,16
CON000015,2024-01,APP012,BU003,1160,410640,1847880,690.0,1160.0,17
CON000016,2024-01,APP012,BU005,1197,423738,1906821,690.0,1160.0,17
CON000017,2024-01,APP013,BU004,1244,461524,2538382,735.0,1240.0,18
CON000018,2024-01,APP014,BU005,3296,1843190,8736676,1848.5,2400.0,35
CON000019,2024-01,APP015,BU006,1366,553230,1383075,825.0,1400.0,20
CON000020,2024-01,APP015,BU008,1367,553635,1384087,825.0,1400.0,20
CON000021,2024-01,APP016,BU007,1450,611900,2141650,870.0,1480.0,21
CON000022,2024-01,APP017,BU008,1512,663768,2986956,915.0,1560.0,22
CON000023,2024-01,APP018,BU009,1578,246168,1353924,960.0,1640.0,23
CON000024,2024-01,APP018,BU001,1578,246168,1353924,960.0,1640.0,23
CON000025,2024-01,APP019,BU010,1677,290121,1885786,1005.0,1720.0,25
CON000026,2024-01,APP020,BU001,1691,321290,803225,1050.0,1800.0,25
CON000027,2024-01,APP021,BU002,153,12837,48307,650.0,1200.0,68
CON000028,2024-01,APP021,BU004,158,12977,47579,650.0,1200.0,68
CON000029,2024-01,APP022,BU003,530,428650,972229,980.0,3100.0,28
CON000030,2024-01,APP023,BU004,1905,459105,2525077,1185.0,2040.0,28
CON000031,2024-01,APP024,BU005,1946,502068,3263442,1230.0,2120.0,29
CON000032,2024-01,APP024,BU007,1964,506712,3293628,1230.0,2120.0,29
CON000033,2024-01,APP025,BU006,2027,557425,1393562,1275.0,2200.0,30
CON000034,2024-01,APP026,BU007,2094,611448,2140068,1320.0,2280.0,31
CON000035,2024-01,APP027,BU008,2172,671148,3020166,165.0,2360.0,32
CON000036,2024-01,APP027,BU010,2159,667131,3002089,165.0,2360.0,32
CON000037,2024-01,APP028,BU009,2233,727958,4003769,210.0,2440.0,33
CON000038,2024-01,APP029,BU010,2286,784098,5096637,255.0,2520.0,34
CON000039,2024-01,APP030,BU001,2355,847800,2119500,300.0,2600.0,35
CON000040,2024-01,APP030,BU003,2362,850320,2125800,300.0,2600.0,35
CON000041,2024-01,APP031,BU002,2385,899145,3147007,345.0,2680.0,35
CON000042,2024-01,APP032,BU003,2473,974362,4384629,390.0,2760.0,37
CON000043,2024-01,APP033,BU004,2535,1041885,5730367,435.0,2840.0,38
CON000044,2024-01,APP033,BU006,2532,1040652,5723586,435.0,2840.0,37
CON000045,2024-01,APP034,BU005,2604,1114512,7244328,480.0,2920.0,39
CON000046,2024-01,APP035,BU006,2704,1203280,3008200,525.0,3000.0,40
CON000047,2024-01,APP036,BU007,2722,440964,1543374,570.0,3080.0,40
CON000048,2024-01,APP036,BU009,2759,446958,1564353,570.0,3080.0,41
CON000049,2024-01,APP037,BU008,2771,496009,2232040,615.0,3160.0,41
CON000050,2024-01,APP038,BU009,2863,561148,3086314,660.0,240.0,42
CON000051,2024-01,APP039,BU010,438,93294,606411,705.0,320.0,6
CON000052,2024-01,APP039,BU002,446,94998,617487,705.0,320.0,6
CON000053,2024-01,APP040,BU001,514,118220,295550,750.0,400.0,7
CON000054,2024-01,APP041,BU002,580,143260,501410,795.0,480.0,8
CON000055,2024-01,APP042,BU003,623,164472,740124,840.0,560.0,9
CON000056,2024-01,APP042,BU005,620,163680,736560,840.0,560.0,9
CON000057,2024-01,APP043,BU004,712,200072,1100396,885.0,640.0,10
CON000058,2024-01,APP044,BU005,756,225288,1464372,930.0,720.0,11
CON000059,2024-01,APP045,BU006,799,251685,629212,975.0,800.0,11
CON000060,2024-01,APP045,BU008,802,252630,631575,975.0,800.0,12
CON000061,2024-01,APP046,BU007,871,289172,1012102,1020.0,880.0,13
CON000062,2024-01,APP047,BU008,964,336436,1513962,1065.0,960.0,14
CON000063,2024-01,APP048,BU009,1022,374052,2057286,1110.0,1040.0,15
CON000064,2024-01,APP048,BU001,1033,378078,2079429,1110.0,1040.0,15
CON000065,2024-01,APP049,BU010,1076,412108,2678702,1155.0,1120.0,16
CON000066,2024-01,APP050,BU001,1153,461200,1153000,1200.0,1200.0,17
CON000067,2024-02,APP001,BU002,8731,6690719,26045677,4286.761481178667,8500.0,45
CON000068,2024-02,APP002,BU003,522,96048,432216,240.0,360.0,7
CON000069,2024-02,APP003,BU004,587,117987,648928,285.0,440.0,8
CON000070,2024-02,APP003,BU006,571,114771,631240,285.0,440.0,8
CON000071,2024-02,APP004,BU005,669,145842,947973,330.0,520.0,10
CON000072,2024-02,APP005,BU006,715,168025,420062,375.0,600.0,10
CON000073,2024-02,APP006,BU007,790,199080,696780,420.0,680.0,11
CON000074,2024-02,APP006,BU009,799,201348,704718,420.0,680.0,11
CON000075,2024-02,APP007,BU008,863,232147,1044661,465.0,760.0,12
CON000076,2024-02,APP008,BU009,933,266838,1467609,510.0,840.0,13
CON000077,2024-02,APP009,BU010,983,297849,1936018,555.0,920.0,14
CON000078,2024-02,APP009,BU002,976,295728,1922232,555.0,920.0,14
CON000079,2024-02,APP010,BU001,1048,335360,838400,600.0,1000.0,15
CON000080,2024-02,APP011,BU002,1081,364297,1275039,645.0,1080.0,16
CON000081,2024-02,APP012,BU003,1151,407454,1833543,690.0,1160.0,17
CON000082,2024-02,APP012,BU005,1153,408162,1836729,690.0,1160.0,17
CON000083,2024-02,APP013,BU004,1225,454475,2499612,735.0,1240.0,18
CON000084,2024-02,APP014,BU005,3307,1840945,8688655,1863.0,2400.0,35
CON000085,2024-02,APP015,BU006,1367,553635,1384087,825.0,1400.0,20
CON000086,2024-02,APP015,BU008,1389,562545,1406362,825.0,1400.0,20
CON000087,2024-02,APP016,BU007,1421,599662,2098817,870.0,1480.0,21
CON000088,2024-02,APP017,BU008,1500,658500,2963250,915.0,1560.0,22
CON000089,2024-02,APP018,BU009,1550,241800,1329900,960.0,1640.0,23
CON000090,2024-02,APP018,BU001,1563,243828,1341054,960.0,1640.0,23
CON000091,2024-02,APP019,BU010,1651,285623,1856549,1005.0,1720.0,24
CON000092,2024-02,APP020,BU001,1665,316350,790875,1050.0,1800.0,24
CON000093,2024-02,APP021,BU002,156,13047,47702,650.0,1200.0,68
CON000094,2024-02,APP021,BU004,150,13014,47735,650.0,1200.0,68
CON000095,2024-02,APP022,BU003,536,428021,974805,980.0,3100.0,28
CON000096,2024-02,APP023,BU004,1890,455490,2505195,1185.0,2040.0,28
CON000097,2024-02,APP024,BU005,1939,500262,3251703,1230.0,2120.0,29
CON000098,2024-02,APP024,BU007,1963,506454,3291951,1230.0,2120.0,29
CON000099,2024-02,APP025,BU006,2029,557975,1394937,1275.0,2200.0,30
CON000100,2024-02,APP026,BU007,2117,618164,2163574,1320.0,2280.0,31
CON000101,2024-02,APP027,BU008,2171,670839,3018775,165.0,2360.0,32
CON000102,2024-02,APP027,BU010,2162,668058,3006261,165.0,2360.0,32
CON000103,2024-02,APP028,BU009,2249,733174,4032457,210.0,2440.0,33
CON000104,2024-02,APP029,BU010,2261,775523,5040899,255.0,2520.0,33
CON000105,2024-02,APP030,BU001,2337,841320,2103300,300.0,2600.0,35
CON000106,2024-02,APP030,BU003,2331,839160,2097900,300.0,2600.0,34
CON000107,2024-02,APP031,BU002,2407,907439,3176036,345.0,2680.0,36
CON000108,2024-02,APP032,BU003,2452,966088,4347396,390.0,2760.0,36
CON000109,2024-02,APP033,BU004,2557,1050927,5780098,435.0,2840.0,38
CON000110,2024-02,APP033,BU006,2540,1043940,5741670,435.0,2840.0,38
CON000111,2024-02,APP034,BU005,2580,1104240,7177560,480.0,2920.0,38
CON000112,2024-02,APP035,BU006,2654,1181030,2952575,525.0,3000.0,39
CON000113,2024-02,APP036,BU007,2746,444852,1556982,570.0,3080.0,41
CON000114,2024-02,APP036,BU009,2756,446472,1562652,570.0,3080.0,41
CON000115,2024-02,APP037,BU008,2844,509076,2290842,615.0,3160.0,42
CON000116,2024-02,APP038,BU009,2928,573888,3156384,660.0,240.0,43
CON000117,2024-02,APP039,BU010,443,94359,613333,705.0,320.0,6
CON000118,2024-02,APP039,BU002,415,88395,574567,705.0,320.0,6
CON000119,2024-02,APP040,BU001,457,105110,262775,750.0,400.0,6
CON000120,2024-02,APP041,BU002,570,140790,492765,795.0,480.0,8
CON000121,2024-02,APP042,BU003,613,161832,728244,840.0,560.0,9
CON000122,2024-02,APP042,BU005,621,163944,737748,840.0,560.0,9
CON000123,2024-02,APP043,BU004,682,191642,1054031,885.0,640.0,10
CON000124,2024-02,APP044,BU005,757,225586,1466309,930.0,720.0,11
CON000125,2024-02,APP045,BU006,846,266490,666225,975.0,800.0,12
CON000126,2024-02,APP045,BU008,828,260820,652050,975.0,800.0,12
CON000127,2024-02,APP046,BU007,886,294152,1029532,1020.0,880.0,13
CON000128,2024-02,APP047,BU008,934,325966,1466847,1065.0,960.0,14
CON000129,2024-02,APP048,BU009,986,360876,1984818,1110.0,1040.0,14
CON000130,2024-02,APP048,BU001,1010,369660,2033130,1110.0,1040.0,15
CON000131,2024-02,APP049,BU010,1083,414789,2696128,1155.0,1120.0,16
CON000132,2024-02,APP050,BU001,1185,474000,1185000,1200.0,1200.0,17
CON000133,2024-03,APP001,BU002,8706,6729482,25950070,4276.30112467166,8500.0,45
CON000134,2024-03,APP002,BU003,510,93840,422280,240.0,360.0,7
CON000135,2024-03,APP003,BU004,580,116580,641190,285.0,440.0,8
CON000136,2024-03,APP003,BU006,637,128037,704203,285.0,440.0,9
CON000137,2024-03,APP004,BU005,643,140174,911131,330.0,520.0,9
CON000138,2024-03,APP005,BU006,741,174135,435337,375.0,600.0,11
CON000139,2024-03,APP006,BU007,771,194292,680022,420.0,680.0,11
CON000140,2024-03,APP006,BU009,808,203616,712656,420.0,680.0,12
CON000141,2024-03,APP007,BU008,862,231878,1043451,465.0,760.0,12
CON000142,2024-03,APP008,BU009,916,261976,1440868,510.0,840.0,13
CON000143,2024-03,APP009,BU010,984,298152,1937988,555.0,920.0,14
CON000144,2024-03,APP009,BU002,971,294213,1912384,555.0,920.0,14
CON000145,2024-03,APP010,BU001,1058,338560,846400,600.0,1000.0,15
CON000146,2024-03,APP011,BU002,1105,372385,1303347,645.0,1080.0,16
CON000147,2024-03,APP012,BU003,1155,408870,1839915,690.0,1160.0,17
CON000148,2024-03,APP012,BU005,1154,408516,1838322,690.0,1160.0,17
CON000149,2024-03,APP013,BU004,1248,463008,2546544,735.0,1240.0,18
CON000150,2024-03,APP014,BU005,3331,1851599,8696440,1852.9,2400.0,35
CON000151,2024-03,APP015,BU006,1401,567405,1418512,825.0,1400.0,21
CON000152,2024-03,APP015,BU008,1379,558495,1396237,825.0,1400.0,20
CON000153,2024-03,APP016,BU007,1431,603882,2113587,870.0,1480.0,21
CON000154,2024-03,APP017,BU008,1527,670353,3016588,915.0,1560.0,22
CON000155,2024-03,APP018,BU009,1578,246168,1353924,960.0,1640.0,23
CON000156,2024-03,APP018,BU001,1600,249600,1372800,960.0,1640.0,24
CON000157,2024-03,APP019,BU010,1638,283374,1841931,1005.0,1720.0,24
CON000158,2024-03,APP020,BU001,1675,318250,795625,1050.0,1800.0,25
CON000159,2024-03,APP021,BU002,150,13330,48861,650.0,1200.0,68
CON000160,2024-03,APP021,BU004,154,12923,48730,650.0,1200.0,68
CON000161,2024-03,APP022,BU003,529,427105,971929,980.0,3100.0,28
CON000162,2024-03,APP023,BU004,1887,454767,2501218,1185.0,2040.0,28
CON000163,2024-03,APP024,BU005,1959,505422,3285243,1230.0,2120.0,29
CON000164,2024-03,APP024,BU007,1956,504648,3280212,1230.0,2120.0,29
CON000165,2024-03,APP025,BU006,2031,558525,1396312,1275.0,2200.0,30
CON000166,2024-03,APP026,BU007,2118,618456,2164596,1320.0,2280.0,31
CON000167,2024-03,APP027,BU008,2156,666204,2997918,165.0,2360.0,32
CON000168,2024-03,APP027,BU010,2167,669603,3013213,165.0,2360.0,32
CON000169,2024-03,APP028,BU009,2178,710028,3905154,210.0,2440.0,32
CON000170,2024-03,APP029,BU010,2284,783412,5092178,255.0,2520.0,34
CON000171,2024-03,APP030,BU001,2333,839880,2099700,300.0,2600.0,34
CON000172,2024-03,APP030,BU003,2325,837000,2092500,300.0,2600.0,34
CON000173,2024-03,APP031,BU002,2397,903669,3162841,345.0,2680.0,35
CON000174,2024-03,APP032,BU003,2473,974362,4384629,390.0,2760.0,37
CON000175,2024-03,APP033,BU004,2563,1053393,5793661,435.0,2840.0,38
CON000176,2024-03,APP033,BU006,2518,1034898,5691939,435.0,2840.0,37
CON000177,2024-03,APP034,BU005,2610,1117080,7261020,480.0,2920.0,39
CON000178,2024-03,APP035,BU006,2665,1185925,2964812,525.0,3000.0,39
CON000179,2024-03,APP036,BU007,2733,442746,1549611,570.0,3080.0,40
CON000180,2024-03,APP036,BU009,2760,447120,1564920,570.0,3080.0,41
CON000181,2024-03,APP037,BU008,2815,503885,2267482,615.0,3160.0,42
CON000182,2024-03,APP038,BU009,2896,567616,3121888,660.0,240.0,43
CON000183,2024-03,APP039,BU010,431,91803,596719,705.0,320.0,6
CON000184,2024-03,APP039,BU002,421,89673,582874,705.0,320.0,6
CON000185,2024-03,APP040,BU001,495,113850,284625,750.0,400.0,7
CON000186,2024-03,APP041,BU002,569,140543,491900,795.0,480.0,8
CON000187,2024-03,APP042,BU003,633,167112,752004,840.0,560.0,9
CON000188,2024-03,APP042,BU005,608,160512,722304,840.0,560.0,9
CON000189,2024-03,APP043,BU004,696,195576,1075668,885.0,640.0,10
CON000190,2024-03,APP044,BU005,764,227672,1479868,930.0,720.0,11
CON000191,2024-03,APP045,BU006,875,275625,689062,975.0,800.0,13
CON000192,2024-03,APP045,BU008,862,271530,678825,975.0,800.0,12
CON000193,2024-03,APP046,BU007,872,289504,1013264,1020.0,880.0,13
CON000194,2024-03,APP047,BU008,949,331201,1490404,1065.0,960.0,14
CON000195,2024-03,APP048,BU009,990,362340,1992870,1110.0,1040.0,14
CON000196,2024-03,APP048,BU001,1008,368928,2029104,1110.0,1040.0,15
CON000197,2024-03,APP049,BU010,1091,417853,2716044,1155.0,1120.0,16
CON000198,2024-03,APP050,BU001,1174,469600,1174000,1200.0,1200.0,17
CON000199,2024-04,APP001,BU002,8663,6680375,25785271,4296.746681589102,8500.0,45
CON000200,2024-04,APP002,BU003,508,93472,420624,240.0,360.0,7
CON000201,2024-04,APP003,BU004,584,117384,645612,285.0,440.0,8
CON000202,2024-04,APP003,BU006,577,115977,637873,285.0,440.0,8
CON000203,2024-04,APP004,BU005,658,143444,932386,330.0,520.0,9
CON000204,2024-04,APP005,BU006,689,161915,404787,375.0,600.0,10
CON000205,2024-04,APP006,BU007,760,191520,670320,420.0,680.0,11
CON000206,2024-04,APP006,BU009,832,209664,733824,420.0,680.0,12
CON000207,2024-04,APP007,BU008,829,223001,1003504,465.0,760.0,12
CON000208,2024-04,APP008,BU009,898,256828,1412554,510.0,840.0,13
CON000209,2024-04,APP009,BU010,1021,309363,2010859,555.0,920.0,15
CON000210,2024-04,APP009,BU002,1043,316029,2054188,555.0,920.0,15
CON000211,2024-04,APP010,BU001,1026,328320,820800,600.0,1000.0,15
CON000212,2024-04,APP011,BU002,1107,373059,1305706,645.0,1080.0,16
CON000213,2024-04,APP012,BU003,1186,419844,1889298,690.0,1160.0,17
CON000214,2024-04,APP012,BU005,1214,429756,1933902,690.0,1160.0,18
CON000215,2024-04,APP013,BU004,1225,454475,2499612,735.0,1240.0,18
CON000216,2024-04,APP014,BU005,3295,1857773,8713042,1846.2,2400.0,35
CON000217,2024-04,APP015,BU006,1372,555660,1389150,825.0,1400.0,20
CON000218,2024-04,APP015,BU008,1347,545535,1363837,825.0,1400.0,20
CON000219,2024-04,APP016,BU007,1435,605570,2119495,870.0,1480.0,21
CON000220,2024-04,APP017,BU008,1499,658061,2961274,915.0,1560.0,22
CON000221,2024-04,APP018,BU009,1574,245544,1350492,960.0,1640.0,23
CON000222,2024-04,APP018,BU001,1558,243048,1336764,960.0,1640.0,23
CON000223,2024-04,APP019,BU010,1644,284412,1848678,1005.0,1720.0,24
CON000224,2024-04,APP020,BU001,1720,326800,817000,1050.0,1800.0,25
CON000225,2024-04,APP021,BU002,155,13070,48026,650.0,1200.0,68
CON000226,2024-04,APP021,BU004,155,12855,48158,650.0,1200.0,68
CON000227,2024-04,APP022,BU003,534,430093,974720,980.0,3100.0,28
CON000228,2024-04,APP023,BU004,1902,458382,2521101,1185.0,2040.0,28
CON000229,2024-04,APP024,BU005,1944,501552,3260088,1230.0,2120.0,29
CON000230,2024-04,APP024,BU007,1937,499746,3248349,1230.0,2120.0,29
CON000231,2024-04,APP025,BU006,2048,563200,1408000,1275.0,2200.0,30
CON000232,2024-04,APP026,BU007,2095,611740,2141090,1320.0,2280.0,31
CON000233,2024-04,APP027,BU008,2164,668676,3009042,165.0,2360.0,32
CON000234,2024-04,APP027,BU010,2120,655080,2947860,165.0,2360.0,31
CON000235,2024-04,APP028,BU009,2238,729588,4012734,210.0,2440.0,33
CON000236,2024-04,APP029,BU010,2294,786842,5114473,255.0,2520.0,34
CON000237,2024-04,APP030,BU001,2327,837720,2094300,300.0,2600.0,34
CON000238,2024-04,APP030,BU003,2340,842400,2106000,300.0,2600.0,35
CON000239,2024-04,APP031,BU002,2420,912340,3193190,345.0,2680.0,36
CON000240,2024-04,APP032,BU003,2481,977514,4398813,390.0,2760.0,37
CON000241,2024-04,APP033,BU004,2539,1043529,5739409,435.0,2840.0,38
CON000242,2024-04,APP033,BU006,2542,1044762,5746191,435.0,2840.0,38
CON000243,2024-04,APP034,BU005,2604,1114512,7244328,480.0,2920.0,39
CON000244,2024-04,APP035,BU006,2678,1191710,2979275,525.0,3000.0,40
CON000245,2024-04,APP036,BU007,2769,448578,1570023,570.0,3080.0,41
CON000246,2024-04,APP036,BU009,2688,435456,1524096,570.0,3080.0,40
CON000247,2024-04,APP037,BU008,2800,501200,2255400,615.0,3160.0,42
CON000248,2024-04,APP038,BU009,2873,563108,3097094,660.0,240.0,43
CON000249,2024-04,APP039,BU010,440,93720,609180,705.0,320.0,6
CON000250,2024-04,APP039,BU002,427,90951,591181,705.0,320.0,6
CON000251,2024-04,APP040,BU001,464,106720,266800,750.0,400.0,6
CON000252,2024-04,APP041,BU002,571,141037,493629,795.0,480.0,8
CON000253,2024-04,APP042,BU003,664,175296,788832,840.0,560.0,9
CON000254,2024-04,APP042,BU005,599,158136,711612,840.0,560.0,8
CON000255,2024-04,APP043,BU004,712,200072,1100396,885.0,640.0,10
CON000256,2024-04,APP044,BU005,753,224394,1458561,930.0,720.0,11
CON000257,2024-04,APP045,BU006,823,259245,648112,975.0,800.0,12
CON000258,2024-04,APP045,BU008,803,252945,632362,975.0,800.0,12
CON000259,2024-04,APP046,BU007,883,293156,1026046,1020.0,880.0,13
CON000260,2024-04,APP047,BU008,981,342369,1540660,1065.0,960.0,14
CON000261,2024-04,APP048,BU009,1031,377346,2075403,1110.0,1040.0,15
CON000262,2024-04,APP048,BU001,1054,385764,2121702,1110.0,1040.0,15
CON000263,2024-04,APP049,BU010,1108,424364,2758366,1155.0,1120.0,16
CON000264,2024-04,APP050,BU001,1158,463200,1158000,1200.0,1200.0,17
CON000265,2024-05,APP001,BU002,8787,6713169,26082798,4294.068580929305,8500.0,45
CON000266,2024-05,APP002,BU003,531,97704,439668,240.0,360.0,7
CON000267,2024-05,APP003,BU004,581,116781,642295,285.0,440.0,8
CON000268,2024-05,APP003,BU006,614,123414,678777,285.0,440.0,9
CON000269,2024-05,APP004,BU005,636,138648,901212,330.0,520.0,9
CON000270,2024-05,APP005,BU006,740,173900,434750,375.0,600.0,11
CON000271,2024-05,APP006,BU007,786,198072,693252,420.0,680.0,11
CON000272,2024-05,APP006,BU009,813,204876,717066,420.0,680.0,12
CON000273,2024-05,APP007,BU008,870,234030,1053135,465.0,760.0,13
CON000274,2024-05,APP008,BU009,956,273416,1503788,510.0,840.0,14
CON000275,2024-05,APP009,BU010,999,302697,1967530,555.0,920.0,14
CON000276,2024-05,APP009,BU002,953,288759,1876933,555.0,920.0,14
CON000277,2024-05,APP010,BU001,1048,335360,838400,600.0,1000.0,15
CON000278,2024-05,APP011,BU002,1091,367667,1286834,645.0,1080.0,16
CON000279,2024-05,APP012,BU003,1169,413826,1862217,690.0,1160.0,17
CON000280,2024-05,APP012,BU005,1210,428340,1927530,690.0,1160.0,18
CON000281,2024-05,APP013,BU004,1257,466347,2564908,735.0,1240.0,18
CON000282,2024-05,APP014,BU005,3286,1839862,8700983,1837.8,2400.0,35
CON000283,2024-05,APP015,BU006,1361,551205,1378012,825.0,1400.0,20
CON000284,2024-05,APP015,BU008,1381,559305,1398262,825.0,1400.0,20
CON000285,2024-05,APP016,BU007,1463,617386,2160851,870.0,1480.0,21
CON000286,2024-05,APP017,BU008,1517,665963,2996833,915.0,1560.0,22
CON000287,2024-05,APP018,BU009,1524,237744,1307592,960.0,1640.0,22
CON000288,2024-05,APP018,BU001,1576,245856,1352208,960.0,1640.0,23
CON000289,2024-05,APP019,BU010,1636,283028,1839682,1005.0,1720.0,24
CON000290,2024-05,APP020,BU001,1708,324520,811300,1050.0,1800.0,25
CON000291,2024-05,APP021,BU002,159,12587,47704,650.0,1200.0,68
CON000292,2024-05,APP021,BU004,156,12683,48737,650.0,1200.0,68
CON000293,2024-05,APP022,BU003,536,428846,968287,980.0,3100.0,28
CON000294,2024-05,APP023,BU004,1911,460551,2533030,1185.0,2040.0,28
CON000295,2024-05,APP024,BU005,1981,511098,3322137,1230.0,2120.0,29
CON000296,2024-05,APP024,BU007,1964,506712,3293628,1230.0,2120.0,29
CON000297,2024-05,APP025,BU006,2029,557975,1394937,1275.0,2200.0,30
CON000298,2024-05,APP026,BU007,2095,611740,2141090,1320.0,2280.0,31
CON000299,2024-05,APP027,BU008,2137,660333,2971498,165.0,2360.0,32
CON000300,2024-05,APP027,BU010,2152,664968,2992356,165.0,2360.0,32
CON000301,2024-05,APP028,BU009,2216,722416,3973288,210.0,2440.0,33
CON000302,2024-05,APP029,BU010,2292,786156,5110014,255.0,2520.0,34
CON000303,2024-05,APP030,BU001,2369,852840,2132100,300.0,2600.0,35
CON000304,2024-05,APP030,BU003,2328,838080,2095200,300.0,2600.0,34
CON000305,2024-05,APP031,BU002,2412,909324,3182634,345.0,2680.0,36
CON000306,2024-05,APP032,BU003,2509,988546,4448457,390.0,2760.0,37
CON000307,2024-05,APP033,BU004,2530,1039830,5719065,435.0,2840.0,37
CON000308,2024-05,APP033,BU006,2528,1039008,5714544,435.0,2840.0,37
CON000309,2024-05,APP034,BU005,2614,1118792,7272148,480.0,2920.0,39
CON000310,2024-05,APP035,BU006,2691,1197495,2993737,525.0,3000.0,40
CON000311,2024-05,APP036,BU007,2740,443880,1553580,570.0,3080.0,41
CON000312,2024-05,APP036,BU009,2766,448092,1568322,570.0,3080.0,41
CON000313,2024-05,APP037,BU008,2822,505138,2273121,615.0,3160.0,42
CON000314,2024-05,APP038,BU009,2886,565656,3111108,660.0,240.0,43
CON000315,2024-05,APP039,BU010,446,94998,617487,705.0,320.0,6
CON000316,2024-05,APP039,BU002,481,102453,665944,705.0,320.0,7
CON000317,2024-05,APP040,BU001,495,113850,284625,750.0,400.0,7
CON000318,2024-05,APP041,BU002,524,129428,452998,795.0,480.0,7
CON000319,2024-05,APP042,BU003,662,174768,786456,840.0,560.0,9
CON000320,2024-05,APP042,BU005,620,163680,736560,840.0,560.0,9
CON000321,2024-05,APP043,BU004,697,195857,1077213,885.0,640.0,10
CON000322,2024-05,APP044,BU005,786,234228,1522482,930.0,720.0,11
CON000323,2024-05,APP045,BU006,792,249480,623700,975.0,800.0,11
CON000324,2024-05,APP045,BU008,799,251685,629212,975.0,800.0,11
CON000325,2024-05,APP046,BU007,857,284524,995834,1020.0,880.0,12
CON000326,2024-05,APP047,BU008,939,327711,1474699,1065.0,960.0,14
CON000327,2024-05,APP048,BU009,1028,376248,2069364,1110.0,1040.0,15
CON000328,2024-05,APP048,BU001,1030,376980,2073390,1110.0,1040.0,15
CON000329,2024-05,APP049,BU010,1090,417470,2713555,1155.0,1120.0,16
CON000330,2024-05,APP050,BU001,1121,448400,1121000,1200.0,1200.0,16
CON000331,2024-06,APP001,BU002,8584,6701630,25952822,4309.187715434332,8500.0,45
CON000332,2024-06,APP002,BU003,544,100096,450432,240.0,360.0,8
CON000333,2024-06,APP003,BU004,597,119997,659983,285.0,440.0,8
CON000334,2024-06,APP003,BU006,610,122610,674355,285.0,440.0,9
CON000335,2024-06,APP004,BU005,664,144752,940888,330.0,520.0,9
CON000336,2024-06,APP005,BU006,735,172725,431812,375.0,600.0,11
CON000337,2024-06,APP006,BU007,775,195300,683550,420.0,680.0,11
CON000338,2024-06,APP006,BU009,786,198072,693252,420.0,680.0,11
CON000339,2024-06,APP007,BU008,858,230802,1038609,465.0,760.0,12
CON000340,2024-06,APP008,BU009,936,267696,1472328,510.0,840.0,14
CON000341,2024-06,APP009,BU010,977,296031,1924201,555.0,920.0,14
CON000342,2024-06,APP009,BU002,995,301485,1959652,555.0,920.0,14
CON000343,2024-06,APP010,BU001,1044,334080,835200,600.0,1000.0,15
CON000344,2024-06,APP011,BU002,1112,374744,1311604,645.0,1080.0,16
CON000345,2024-06,APP012,BU003,1196,423384,1905228,690.0,1160.0,17
CON000346,2024-06,APP012,BU005,1140,403560,1816020,690.0,1160.0,17
CON000347,2024-06,APP013,BU004,1219,452249,2487369,735.0,1240.0,18
CON000348,2024-06,APP014,BU005,3270,1826663,8679652,1857.5,2400.0,35
CON000349,2024-06,APP015,BU006,1369,554445,1386112,825.0,1400.0,20
CON000350,2024-06,APP015,BU008,1378,558090,1395225,825.0,1400.0,20
CON000351,2024-06,APP016,BU007,1461,616542,2157897,870.0,1480.0,21
CON000352,2024-06,APP017,BU008,1531,672109,3024490,915.0,1560.0,22
CON000353,2024-06,APP018,BU009,1568,244608,1345344,960.0,1640.0,23
CON000354,2024-06,APP018,BU001,1597,249132,1370226,960.0,1640.0,23
CON000355,2024-06,APP019,BU010,1636,283028,1839682,1005.0,1720.0,24
CON000356,2024-06,APP020,BU001,1683,319770,799425,1050.0,1800.0,25
CON000357,2024-06,APP021,BU002,153,12703,47555,650.0,1200.0,68
CON000358,2024-06,APP021,BU004,153,13160,48860,650.0,1200.0,68
CON000359,2024-06,APP022,BU003,528,428392,966878,980.0,3100.0,28
CON000360,2024-06,APP023,BU004,1904,458864,2523752,1185.0,2040.0,28
CON000361,2024-06,APP024,BU005,1957,504906,3281889,1230.0,2120.0,29
CON000362,2024-06,APP024,BU007,1923,496134,3224871,1230.0,2120.0,28
CON000363,2024-06,APP025,BU006,2043,561825,1404562,1275.0,2200.0,30
CON000364,2024-06,APP026,BU007,2077,606484,2122694,1320.0,2280.0,31
CON000365,2024-06,APP027,BU008,2144,662496,2981232,165.0,2360.0,32
CON000366,2024-06,APP027,BU010,2133,659097,2965936,165.0,2360.0,31
CON000367,2024-06,APP028,BU009,2206,719156,3955358,210.0,2440.0,33
CON000368,2024-06,APP029,BU010,2293,786499,5112243,255.0,2520.0,34
CON000369,2024-06,APP030,BU001,2346,844560,2111400,300.0,2600.0,35
CON000370,2024-06,APP030,BU003,2356,848160,2120400,300.0,2600.0,35
CON000371,2024-06,APP031,BU002,2422,913094,3195829,345.0,2680.0,36
CON000372,2024-06,APP032,BU003,2506,987364,4443138,390.0,2760.0,37
CON000373,2024-06,APP033,BU004,2538,1043118,5737149,435.0,2840.0,38
CON000374,2024-06,APP033,BU006,2515,1033665,5685157,435.0,2840.0,37
CON000375,2024-06,APP034,BU005,2631,1126068,7319442,480.0,2920.0,39
CON000376,2024-06,APP035,BU006,2668,1187260,2968150,525.0,3000.0,40
CON000377,2024-06,APP036,BU007,2762,447444,1566054,570.0,3080.0,41
CON000378,2024-06,APP036,BU009,2747,445014,1557549,570.0,3080.0,41
CON000379,2024-06,APP037,BU008,2802,501558,2257011,615.0,3160.0,42
CON000380,2024-06,APP038,BU009,2876,563696,3100328,660.0,240.0,43
CON000381,2024-06,APP039,BU010,474,100962,656253,705.0,320.0,7
CON000382,2024-06,APP039,BU002,476,101388,659022,705.0,320.0,7
CON000383,2024-06,APP040,BU001,501,115230,288075,750.0,400.0,7
CON000384,2024-06,APP041,BU002,568,140296,491036,795.0,480.0,8
CON000385,2024-06,APP042,BU003,651,171864,773388,840.0,560.0,9
CON000386,2024-06,APP042,BU005,613,161832,728244,840.0,560.0,9
CON000387,2024-06,APP043,BU004,701,196981,1083395,885.0,640.0,10
CON000388,2024-06,APP044,BU005,759,226182,1470183,930.0,720.0,11
CON000389,2024-06,APP045,BU006,831,261765,654412,975.0,800.0,12
CON000390,2024-06,APP045,BU008,808,254520,636300,975.0,800.0,12
CON000391,2024-06,APP046,BU007,858,284856,996996,1020.0,880.0,12
CON000392,2024-06,APP047,BU008,913,318637,1433866,1065.0,960.0,13
CON000393,2024-06,APP048,BU009,997,364902,2006961,1110.0,1040.0,14
CON000394,2024-06,APP048,BU001,1010,369660,2033130,1110.0,1040.0,15
CON000395,2024-06,APP049,BU010,1079,413257,2686170,1155.0,1120.0,16
CON000396,2024-06,APP050,BU001,1188,475200,1188000,1200.0,1200.0,17
CON000397,2024-07,APP001,BU002,8755,6671137,26034770,4291.858435272993,8500.0,45
CON000398,2024-07,APP002,BU003,524,96416,433872,240.0,360.0,7
CON000399,2024-07,APP003,BU004,598,120198,661089,285.0,440.0,8
CON000400,2024-07,APP003,BU006,607,122007,671038,285.0,440.0,9
CON000401,2024-07,APP004,BU005,653,142354,925301,330.0,520.0,9
CON000402,2024-07,APP005,BU006,746,175310,438275,375.0,600.0,11
CON000403,2024-07,APP006,BU007,767,193284,676494,420.0,680.0,11
CON000404,2024-07,APP006,BU009,790,199080,696780,420.0,680.0,11
CON000405,2024-07,APP007,BU008,906,243714,1096713,465.0,760.0,13
CON000406,2024-07,APP008,BU009,924,264264,1453452,510.0,840.0,13
CON000407,2024-07,APP009,BU010,1013,306939,1995103,555.0,920.0,15
CON000408,2024-07,APP009,BU002,986,298758,1941927,555.0,920.0,14
CON000409,2024-07,APP010,BU001,1061,339520,848800,600.0,1000.0,15
CON000410,2024-07,APP011,BU002,1113,375081,1312783,645.0,1080.0,16
CON000411,2024-07,APP012,BU003,1176,416304,1873368,690.0,1160.0,17
CON000412,2024-07,APP012,BU005,1164,412056,1854252,690.0,1160.0,17
CON000413,2024-07,APP013,BU004,1253,464863,2556746,735.0,1240.0,18
CON000414,2024-07,APP014,BU005,3282,1856655,8732558,1853.7,2400.0,35
CON000415,2024-07,APP015,BU006,1369,554445,1386112,825.0,1400.0,20
CON000416,2024-07,APP015,BU008,1384,560520,1401300,825.0,1400.0,20
CON000417,2024-07,APP016,BU007,1433,604726,2116541,870.0,1480.0,21
CON000418,2024-07,APP017,BU008,1523,668597,3008686,915.0,1560.0,22
CON000419,2024-07,APP018,BU009,1533,239148,1315314,960.0,1640.0,22
CON000420,2024-07,APP018,BU001,1563,243828,1341054,960.0,1640.0,23
CON000421,2024-07,APP019,BU010,1595,275935,1793577,1005.0,1720.0,23
CON000422,2024-07,APP020,BU001,1670,317300,793250,1050.0,1800.0,25
CON000423,2024-07,APP021,BU002,159,13179,47640,650.0,1200.0,68
CON000424,2024-07,APP021,BU004,150,12407,47728,650.0,1200.0,68
CON000425,2024-07,APP022,BU003,547,428434,968321,980.0,3100.0,28
CON000426,2024-07,APP023,BU004,1904,458864,2523752,1185.0,2040.0,28
CON000427,2024-07,APP024,BU005,1928,497424,3233256,1230.0,2120.0,28
CON000428,2024-07,APP024,BU007,1954,504132,3276858,1230.0,2120.0,29
CON000429,2024-07,APP025,BU006,2026,557150,1392875,1275.0,2200.0,30
CON000430,2024-07,APP026,BU007,2088,609696,2133936,1320.0,2280.0,31
CON000431,2024-07,APP027,BU008,2170,670530,3017385,165.0,2360.0,32
CON000432,2024-07,APP027,BU010,2161,667749,3004870,165.0,2360.0,32
CON000433,2024-07,APP028,BU009,2233,727958,4003769,210.0,2440.0,33
CON000434,2024-07,APP029,BU010,2271,778953,5063194,255.0,2520.0,34
CON000435,2024-07,APP030,BU001,2367,852120,2130300,300.0,2600.0,35
CON000436,2024-07,APP030,BU003,2382,857520,2143800,300.0,2600.0,35
CON000437,2024-07,APP031,BU002,2395,902915,3160202,345.0,2680.0,35
CON000438,2024-07,APP032,BU003,2462,970028,4365126,390.0,2760.0,36
CON000439,2024-07,APP033,BU004,2571,1056681,5811745,435.0,2840.0,38
CON000440,2024-07,APP033,BU006,2541,1044351,5743930,435.0,2840.0,38
CON000441,2024-07,APP034,BU005,2638,1129064,7338916,480.0,2920.0,39
CON000442,2024-07,APP035,BU006,2666,1186370,2965925,525.0,3000.0,39
CON000443,2024-07,APP036,BU007,2769,448578,1570023,570.0,3080.0,41
CON000444,2024-07,APP036,BU009,2742,444204,1554714,570.0,3080.0,41
CON000445,2024-07,APP037,BU008,2810,502990,2263455,615.0,3160.0,42
CON000446,2024-07,APP038,BU009,2901,568596,3127278,660.0,240.0,43
CON000447,2024-07,APP039,BU010,427,90951,591181,705.0,320.0,6
CON000448,2024-07,APP039,BU002,416,88608,575952,705.0,320.0,6
CON000449,2024-07,APP040,BU001,491,112930,282325,750.0,400.0,7
CON000450,2024-07,APP041,BU002,574,141778,496223,795.0,480.0,8
CON000451,2024-07,APP042,BU003,598,157872,710424,840.0,560.0,8
CON000452,2024-07,APP042,BU005,642,169488,762696,840.0,560.0,9
CON000453,2024-07,APP043,BU004,684,192204,1057122,885.0,640.0,10
CON000454,2024-07,APP044,BU005,782,233036,1514734,930.0,720.0,11
CON000455,2024-07,APP045,BU006,777,244755,611887,975.0,800.0,11
CON000456,2024-07,APP045,BU008,809,254835,637087,975.0,800.0,12
CON000457,2024-07,APP046,BU007,856,284192,994672,1020.0,880.0,12
CON000458,2024-07,APP047,BU008,938,327362,1473129,1065.0,960.0,14
CON000459,2024-07,APP048,BU009,1024,374784,2061312,1110.0,1040.0,15
CON000460,2024-07,APP048,BU001,1016,371856,2045208,1110.0,1040.0,15
CON000461,2024-07,APP049,BU010,1079,413257,2686170,1155.0,1120.0,16
CON000462,2024-07,APP050,BU001,1146,458400,1146000,1200.0,1200.0,17
CON000463,2024-08,APP001,BU002,8710,6669743,26070684,4313.25331940771,8500.0,45
CON000464,2024-08,APP002,BU003,537,98808,444636,240.0,360.0,8
CON000465,2024-08,APP003,BU004,606,121806,669933,285.0,440.0,9
CON000466,2024-08,APP003,BU006,600,120600,663300,285.0,440.0,9
CON000467,2024-08,APP004,BU005,700,152600,991900,330.0,520.0,10
CON000468,2024-08,APP005,BU006,723,169905,424762,375.0,600.0,10
CON000469,2024-08,APP006,BU007,783,197316,690606,420.0,680.0,11
CON000470,2024-08,APP006,BU009,774,195048,682668,420.0,680.0,11
CON000471,2024-08,APP007,BU008,834,224346,1009557,465.0,760.0,12
CON000472,2024-08,APP008,BU009,895,255970,1407835,510.0,840.0,13
CON000473,2024-08,APP009,BU010,967,293001,1904506,555.0,920.0,14
CON000474,2024-08,APP009,BU002,983,297849,1936018,555.0,920.0,14
CON000475,2024-08,APP010,BU001,1056,337920,844800,600.0,1000.0,15
CON000476,2024-08,APP011,BU002,1116,376092,1316322,645.0,1080.0,16
CON000477,2024-08,APP012,BU003,1164,412056,1854252,690.0,1160.0,17
CON000478,2024-08,APP012,BU005,1198,424092,1908414,690.0,1160.0,17
CON000479,2024-08,APP013,BU004,1259,467089,2568989,735.0,1240.0,18
CON000480,2024-08,APP014,BU005,4780,2673032,12638856,2685.2,3480.0,50
CON000481,2024-08,APP015,BU006,1346,545130,1362825,825.0,1400.0,20
CON000482,2024-08,APP015,BU008,1373,556065,1390162,825.0,1400.0,20
CON000483,2024-08,APP016,BU007,1445,609790,2134265,870.0,1480.0,21
CON000484,2024-08,APP017,BU008,1487,652793,2937568,915.0,1560.0,22
CON000485,2024-08,APP018,BU009,1573,245388,1349634,960.0,1640.0,23
CON000486,2024-08,APP018,BU001,1540,240240,1321320,960.0,1640.0,23
CON000487,2024-08,APP019,BU010,1661,287353,1867794,1005.0,1720.0,24
CON000488,2024-08,APP020,BU001,1724,327560,818900,1050.0,1800.0,25
CON000489,2024-08,APP021,BU002,154,13072,46795,650.0,1200.0,68
CON000490,2024-08,APP021,BU004,151,12941,47463,650.0,1200.0,68
CON000491,2024-08,APP022,BU003,538,429997,966470,980.0,3100.0,28
CON000492,2024-08,APP023,BU004,1878,452598,2489289,1185.0,2040.0,28
CON000493,2024-08,APP024,BU005,1964,506712,3293628,1230.0,2120.0,29
CON000494,2024-08,APP024,BU007,1992,513936,3340584,1230.0,2120.0,29
CON000495,2024-08,APP025,BU006,2000,550000,1375000,1275.0,2200.0,30
CON000496,2024-08,APP026,BU007,2094,611448,2140068,1320.0,2280.0,31
CON000497,2024-08,APP027,BU008,2191,677019,3046585,165.0,2360.0,32
CON000498,2024-08,APP027,BU010,2121,655389,2949250,165.0,2360.0,31
CON000499,2024-08,APP028,BU009,2194,715244,3933842,210.0,2440.0,32
CON000500,2024-08,APP029,BU010,2276,780668,5074342,255.0,2520.0,34
CON000501,2024-08,APP030,BU001,2339,842040,2105100,300.0,2600.0,35
CON000502,2024-08,APP030,BU003,2366,851760,2129400,300.0,2600.0,35
CON000503,2024-08,APP031,BU002,2419,911963,3191870,345.0,2680.0,36
CON000504,2024-08,APP032,BU003,2444,962936,4333212,390.0,2760.0,36
CON000505,2024-08,APP033,BU004,2555,1050105,5775577,435.0,2840.0,38
CON000506,2024-08,APP033,BU006,2533,1041063,5725846,435.0,2840.0,37
CON000507,2024-08,APP034,BU005,2635,1127780,7330570,480.0,2920.0,39
CON000508,2024-08,APP035,BU006,2662,1184590,2961475,525.0,3000.0,39
CON000509,2024-08,APP036,BU007,2727,441774,1546209,570.0,3080.0,40
CON000510,2024-08,APP036,BU009,2750,445500,1559250,570.0,3080.0,41
CON000511,2024-08,APP037,BU008,2820,504780,2271510,615.0,3160.0,42
CON000512,2024-08,APP038,BU009,2878,564088,3102484,660.0,240.0,43
CON000513,2024-08,APP039,BU010,401,85413,555184,705.0,320.0,6
CON000514,2024-08,APP039,BU002,445,94785,616102,705.0,320.0,6
CON000515,2024-08,APP040,BU001,479,110170,275425,750.0,400.0,7
CON000516,2024-08,APP041,BU002,569,140543,491900,795.0,480.0,8
CON000517,2024-08,APP042,BU003,601,158664,713988,840.0,560.0,9
CON000518,2024-08,APP042,BU005,638,168432,757944,840.0,560.0,9
CON000519,2024-08,APP043,BU004,678,190518,1047849,885.0,640.0,10
CON000520,2024-08,APP044,BU005,734,218732,1421758,930.0,720.0,11
CON000521,2024-08,APP045,BU006,839,264285,660712,975.0,800.0,12
CON000522,2024-08,APP045,BU008,829,261135,652837,975.0,800.0,12
CON000523,2024-08,APP046,BU007,877,291164,1019074,1020.0,880.0,13
CON000524,2024-08,APP047,BU008,984,343416,1545372,1065.0,960.0,14
CON000525,2024-08,APP048,BU009,1011,370026,2035143,1110.0,1040.0,15
CON000526,2024-08,APP048,BU001,1020,373320,2053260,1110.0,1040.0,15
CON000527,2024-08,APP049,BU010,1090,417470,2713555,1155.0,1120.0,16
CON000528,2024-08,APP050,BU001,1137,454800,1137000,1200.0,1200.0,17
CON000529,2024-09,APP001,BU002,8723,6683996,25958836,4327.252852796067,8500.0,45
CON000530,2024-09,APP002,BU003,509,93656,421452,240.0,360.0,7
CON000531,2024-09,APP003,BU004,546,109746,603603,285.0,440.0,8
CON000532,2024-09,APP003,BU006,627,126027,693148,285.0,440.0,9
CON000533,2024-09,APP004,BU005,710,154780,1006070,330.0,520.0,10
CON000534,2024-09,APP005,BU006,716,168260,420650,375.0,600.0,10
CON000535,2024-09,APP006,BU007,751,189252,662382,420.0,680.0,11
CON000536,2024-09,APP006,BU009,783,197316,690606,420.0,680.0,11
CON000537,2024-09,APP007,BU008,849,228381,1027714,465.0,760.0,12
CON000538,2024-09,APP008,BU009,916,261976,1440868,510.0,840.0,13
CON000539,2024-09,APP009,BU010,962,291486,1894659,555.0,920.0,14
CON000540,2024-09,APP009,BU002,996,301788,1961622,555.0,920.0,14
CON000541,2024-09,APP010,BU001,1060,339200,848000,600.0,1000.0,15
CON000542,2024-09,APP011,BU002,1085,365645,1279757,645.0,1080.0,16
CON000543,2024-09,APP012,BU003,1193,422322,1900449,690.0,1160.0,17
CON000544,2024-09,APP012,BU005,1221,432234,1945053,690.0,1160.0,18
CON000545,2024-09,APP013,BU004,1248,463008,2546544,735.0,1240.0,18
CON000546,2024-09,APP014,BU005,6257,3512301,16565069,3482.1,4560.0,66
CON000547,2024-09,APP015,BU006,1378,558090,1395225,825.0,1400.0,20
CON000548,2024-09,APP015,BU008,1367,553635,1384087,825.0,1400.0,20
CON000549,2024-09,APP016,BU007,1476,622872,2180052,870.0,1480.0,22
CON000550,2024-09,APP017,BU008,1501,658939,2965225,915.0,1560.0,22
CON000551,2024-09,APP018,BU009,1603,250068,1375374,960.0,1640.0,24
CON000552,2024-09,APP018,BU001,1547,241332,1327326,960.0,1640.0,23
CON000553,2024-09,APP019,BU010,1646,284758,1850927,1005.0,1720.0,24
CON000554,2024-09,APP020,BU001,1706,324140,810350,1050.0,1800.0,25
CON000555,2024-09,APP021,BU002,152,13035,48606,650.0,1200.0,68
CON000556,2024-09,APP021,BU004,154,12661,47991,650.0,1200.0,68
CON000557,2024-09,APP022,BU003,530,427657,969755,980.0,3100.0,28
CON000558,2024-09,APP023,BU004,1860,448260,2465430,1185.0,2040.0,27
CON000559,2024-09,APP024,BU005,1927,497166,3231579,1230.0,2120.0,28
CON000560,2024-09,APP024,BU007,1969,508002,3302013,1230.0,2120.0,29
CON000561,2024-09,APP025,BU006,2014,553850,1384625,1275.0,2200.0,30
CON000562,2024-09,APP026,BU007,2038,595096,2082836,1320.0,2280.0,30
CON000563,2024-09,APP027,BU008,2170,670530,3017385,165.0,2360.0,32
CON000564,2024-09,APP027,BU010,2160,667440,3003480,165.0,2360.0,32
CON000565,2024-09,APP028,BU009,2205,718830,3953565,210.0,2440.0,33
CON000566,2024-09,APP029,BU010,2258,774494,5034211,255.0,2520.0,33
CON000567,2024-09,APP030,BU001,2366,851760,2129400,300.0,2600.0,35
CON000568,2024-09,APP030,BU003,2356,848160,2120400,300.0,2600.0,35
CON000569,2024-09,APP031,BU002,2462,928174,3248609,345.0,2680.0,36
CON000570,2024-09,APP032,BU003,2488,980272,4411224,390.0,2760.0,37
CON000571,2024-09,APP033,BU004,2552,1048872,5768796,435.0,2840.0,38
CON000572,2024-09,APP033,BU006,2541,1044351,5743930,435.0,2840.0,38
CON000573,2024-09,APP034,BU005,2626,1123928,7305532,480.0,2920.0,39
CON000574,2024-09,APP035,BU006,2687,1195715,2989287,525.0,3000.0,40
CON000575,2024-09,APP036,BU007,2765,447930,1567755,570.0,3080.0,41
CON000576,2024-09,APP036,BU009,2729,442098,1547343,570.0,3080.0,40
CON000577,2024-09,APP037,BU008,2796,500484,2252178,615.0,3160.0,41
CON000578,2024-09,APP038,BU009,2860,560560,3083080,660.0,240.0,42
CON000579,2024-09,APP039,BU010,450,95850,623025,705.0,320.0,6
CON000580,2024-09,APP039,BU002,464,98832,642408,705.0,320.0,6
CON000581,2024-09,APP040,BU001,490,112700,281750,750.0,400.0,7
CON000582,2024-09,APP041,BU002,556,137332,480662,795.0,480.0,8
CON000583,2024-09,APP042,BU003,636,167904,755568,840.0,560.0,9
CON000584,2024-09,APP042,BU005,625,165000,742500,840.0,560.0,9
CON000585,2024-09,APP043,BU004,714,200634,1103487,885.0,640.0,10
CON000586,2024-09,APP044,BU005,714,212772,1383018,930.0,720.0,10
CON000587,2024-09,APP045,BU006,808,254520,636300,975.0,800.0,12
CON000588,2024-09,APP045,BU008,809,254835,637087,975.0,800.0,12
CON000589,2024-09,APP046,BU007,843,279876,979566,1020.0,880.0,12
CON000590,2024-09,APP047,BU008,935,326315,1468417,1065.0,960.0,14
CON000591,2024-09,APP048,BU009,1001,366366,2015013,1110.0,1040.0,15
CON000592,2024-09,APP048,BU001,1015,371490,2043195,1110.0,1040.0,15
CON000593,2024-09,APP049,BU010,1107,423981,2755876,1155.0,1120.0,16
CON000594,2024-09,APP050,BU001,1145,458000,1145000,1200.0,1200.0,17
CON000595,2024-10,APP001,BU002,8648,6698291,26104917,4280.480823677702,8500.0,45
CON000596,2024-10,APP002,BU003,511,94024,423108,240.0,360.0,7
CON000597,2024-10,APP003,BU004,606,121806,669933,285.0,440.0,9
CON000598,2024-10,APP003,BU006,590,118590,652245,285.0,440.0,8
CON000599,2024-10,APP004,BU005,672,146496,952224,330.0,520.0,10
CON000600,2024-10,APP005,BU006,724,170140,425350,375.0,600.0,10
CON000601,2024-10,APP006,BU007,804,202608,709128,420.0,680.0,12
CON000602,2024-10,APP006,BU009,769,193788,678258,420.0,680.0,11
CON000603,2024-10,APP007,BU008,854,229726,1033767,465.0,760.0,12
CON000604,2024-10,APP008,BU009,915,261690,1439295,510.0,840.0,13
CON000605,2024-10,APP009,BU010,960,290880,1890720,555.0,920.0,14
CON000606,2024-10,APP009,BU002,953,288759,1876933,555.0,920.0,14
CON000607,2024-10,APP010,BU001,1063,340160,850400,600.0,1000.0,15
CON000608,2024-10,APP011,BU002,1107,373059,1305706,645.0,1080.0,16
CON000609,2024-10,APP012,BU003,1159,410286,1846287,690.0,1160.0,17
CON000610,2024-10,APP012,BU005,1178,417012,1876554,690.0,1160.0,17
CON000611,2024-10,APP013,BU004,1267,470057,2585313,735.0,1240.0,19
CON000612,2024-10,APP014,BU005,7647,4312328,20379936,4381.8,5640.0,82
CON000613,2024-10,APP015,BU006,1380,558900,1397250,825.0,1400.0,20
CON000614,2024-10,APP015,BU008,1390,562950,1407375,825.0,1400.0,20
CON000615,2024-10,APP016,BU007,1417,597974,2092909,870.0,1480.0,21
CON000616,2024-10,APP017,BU008,1482,650598,2927691,915.0,1560.0,22
CON000617,2024-10,APP018,BU009,1578,246168,1353924,960.0,1640.0,23
CON000618,2024-10,APP018,BU001,1571,245076,1347918,960.0,1640.0,23
CON000619,2024-10,APP019,BU010,1645,284585,1849802,1005.0,1720.0,24
CON000620,2024-10,APP020,BU001,1696,322240,805600,1050.0,1800.0,25
CON000621,2024-10,APP021,BU002,155,13031,48388,650.0,1200.0,68
CON000622,2024-10,APP021,BU004,157,12676,46876,650.0,1200.0,68
CON000623,2024-10,APP022,BU003,540,429187,966938,980.0,3100.0,28
CON000624,2024-10,APP023,BU004,1857,447537,2461453,1185.0,2040.0,27
CON000625,2024-10,APP024,BU005,1961,505938,3288597,1230.0,2120.0,29
CON000626,2024-10,APP024,BU007,1978,510324,3317106,1230.0,2120.0,29
CON000627,2024-10,APP025,BU006,2060,566500,1416250,1275.0,2200.0,30
CON000628,2024-10,APP026,BU007,2100,613200,2146200,1320.0,2280.0,31
CON000629,2024-10,APP027,BU008,2147,663423,2985403,165.0,2360.0,32
CON000630,2024-10,APP027,BU010,2137,660333,2971498,165.0,2360.0,32
CON000631,2024-10,APP028,BU009,2220,723720,3980460,210.0,2440.0,33
CON000632,2024-10,APP029,BU010,2279,781697,5081030,255.0,2520.0,34
CON000633,2024-10,APP030,BU001,2329,838440,2096100,300.0,2600.0,34
CON000634,2024-10,APP030,BU003,2390,860400,2151000,300.0,2600.0,35
CON000635,2024-10,APP031,BU002,2450,923650,3232775,345.0,2680.0,36
CON000636,2024-10,APP032,BU003,2502,985788,4436046,390.0,2760.0,37
CON000637,2024-10,APP033,BU004,2526,1038186,5710023,435.0,2840.0,37
CON000638,2024-10,APP033,BU006,2562,1052982,5791401,435.0,2840.0,38
CON000639,2024-10,APP034,BU005,2622,1122216,7294404,480.0,2920.0,39
CON000640,2024-10,APP035,BU006,2683,1193935,2984837,525.0,3000.0,40
CON000641,2024-10,APP036,BU007,2764,447768,1567188,570.0,3080.0,41
CON000642,2024-10,APP036,BU009,2752,445824,1560384,570.0,3080.0,41
CON000643,2024-10,APP037,BU008,2819,504601,2270704,615.0,3160.0,42
CON000644,2024-10,APP038,BU009,2882,564872,3106796,660.0,240.0,43
CON000645,2024-10,APP039,BU010,441,93933,610564,705.0,320.0,6
CON000646,2024-10,APP039,BU002,399,84987,552415,705.0,320.0,5
CON000647,2024-10,APP040,BU001,501,115230,288075,750.0,400.0,7
CON000648,2024-10,APP041,BU002,553,136591,478068,795.0,480.0,8
CON000649,2024-10,APP042,BU003,604,159456,717552,840.0,560.0,9
CON000650,2024-10,APP042,BU005,663,175032,787644,840.0,560.0,9
CON000651,2024-10,APP043,BU004,729,204849,1126669,885.0,640.0,10
CON000652,2024-10,APP044,BU005,787,234526,1524419,930.0,720.0,11
CON000653,2024-10,APP045,BU006,830,261450,653625,975.0,800.0,12
CON000654,2024-10,APP045,BU008,852,268380,670950,975.0,800.0,12
CON000655,2024-10,APP046,BU007,890,295480,1034180,1020.0,880.0,13
CON000656,2024-10,APP047,BU008,959,334691,1506109,1065.0,960.0,14
CON000657,2024-10,APP048,BU009,998,365268,2008974,1110.0,1040.0,14
CON000658,2024-10,APP048,BU001,1027,375882,2067351,1110.0,1040.0,15
CON000659,2024-10,APP049,BU010,1086,415938,2703597,1155.0,1120.0,16
CON000660,2024-10,APP050,BU001,1123,449200,1123000,1200.0,1200.0,16
CON000661,2024-11,APP001,BU002,8697,6697608,26179756,4317.884266570268,8500.0,45
CON000662,2024-11,APP002,BU003,530,97520,438840,240.0,360.0,7
CON000663,2024-11,APP003,BU004,599,120399,662194,285.0,440.0,8
CON000664,2024-11,APP003,BU006,595,119595,657772,285.0,440.0,8
CON000665,2024-11,APP004,BU005,655,142790,928135,330.0,520.0,9
CON000666,2024-11,APP005,BU006,703,165205,413012,375.0,600.0,10
CON000667,2024-11,APP006,BU007,786,198072,693252,420.0,680.0,11
CON000668,2024-11,APP006,BU009,775,195300,683550,420.0,680.0,11
CON000669,2024-11,APP007,BU008,829,223001,1003504,465.0,760.0,12
CON000670,2024-11,APP008,BU009,930,265980,1462890,510.0,840.0,13
CON000671,2024-11,APP009,BU010,992,300576,1953744,555.0,920.0,14
CON000672,2024-11,APP009,BU002,949,287547,1869055,555.0,920.0,14
CON000673,2024-11,APP010,BU001,1047,335040,837600,600.0,1000.0,15
CON000674,2024-11,APP011,BU002,1134,382158,1337553,645.0,1080.0,17
CON000675,2024-11,APP012,BU003,1201,425154,1913193,690.0,1160.0,18
CON000676,2024-11,APP012,BU005,1200,424800,1911600,690.0,1160.0,18
CON000677,2024-11,APP013,BU004,1245,461895,2540422,735.0,1240.0,18
CON000678,2024-11,APP014,BU005,9192,5149656,24388946,5190.6,6720.0,98
CON000679,2024-11,APP015,BU006,1400,567000,1417500,825.0,1400.0,21
CON000680,2024-11,APP015,BU008,1396,565380,1413450,825.0,1400.0,20
CON000681,2024-11,APP016,BU007,1437,606414,2122449,870.0,1480.0,21
CON000682,2024-11,APP017,BU008,1480,649720,2923740,915.0,1560.0,22
CON000683,2024-11,APP018,BU009,1563,243828,1341054,960.0,1640.0,23
CON000684,2024-11,APP018,BU001,1574,245544,1350492,960.0,1640.0,23
CON000685,2024-11,APP019,BU010,1630,281990,1832935,1005.0,1720.0,24
CON000686,2024-11,APP020,BU001,1688,320720,801800,1050.0,1800.0,25
CON000687,2024-11,APP021,BU002,155,12899,47685,650.0,1200.0,68
CON000688,2024-11,APP021,BU004,155,12919,48122,650.0,1200.0,68
CON000689,2024-11,APP022,BU003,536,426860,968556,980.0,3100.0,28
CON000690,2024-11,APP023,BU004,1923,463443,2548936,1185.0,2040.0,28
CON000691,2024-11,APP024,BU005,1936,499488,3246672,1230.0,2120.0,29
CON000692,2024-11,APP024,BU007,1917,494586,3214809,1230.0,2120.0,28
CON000693,2024-11,APP025,BU006,1987,546425,1366062,1275.0,2200.0,29
CON000694,2024-11,APP026,BU007,2090,610280,2135980,1320.0,2280.0,31
CON000695,2024-11,APP027,BU008,2155,665895,2996527,165.0,2360.0,32
CON000696,2024-11,APP027,BU010,2152,664968,2992356,165.0,2360.0,32
CON000697,2024-11,APP028,BU009,2244,731544,4023492,210.0,2440.0,33
CON000698,2024-11,APP029,BU010,2231,765233,4974014,255.0,2520.0,33
CON000699,2024-11,APP030,BU001,2357,848520,2121300,300.0,2600.0,35
CON000700,2024-11,APP030,BU003,2381,857160,2142900,300.0,2600.0,35
CON000701,2024-11,APP031,BU002,2392,901784,3156244,345.0,2680.0,35
CON000702,2024-11,APP032,BU003,2472,973968,4382856,390.0,2760.0,37
CON000703,2024-11,APP033,BU004,2529,1039419,5716804,435.0,2840.0,37
CON000704,2024-11,APP033,BU006,2527,1038597,5712283,435.0,2840.0,37
CON000705,2024-11,APP034,BU005,2603,1114084,7241546,480.0,2920.0,39
CON000706,2024-11,APP035,BU006,2703,1202835,3007087,525.0,3000.0,40
CON000707,2024-11,APP036,BU007,2776,449712,1573992,570.0,3080.0,41
CON000708,2024-11,APP036,BU009,2733,442746,1549611,570.0,3080.0,40
CON000709,2024-11,APP037,BU008,2843,508897,2290036,615.0,3160.0,42
CON000710,2024-11,APP038,BU009,2870,562520,3093860,660.0,240.0,43
CON000711,2024-11,APP039,BU010,470,100110,650715,705.0,320.0,7
CON000712,2024-11,APP039,BU002,433,92229,599488,705.0,320.0,6
CON000713,2024-11,APP040,BU001,502,115460,288650,750.0,400.0,7
CON000714,2024-11,APP041,BU002,572,141284,494494,795.0,480.0,8
CON000715,2024-11,APP042,BU003,693,182952,823284,840.0,560.0,10
CON000716,2024-11,APP042,BU005,647,170808,768636,840.0,560.0,9
CON000717,2024-11,APP043,BU004,680,191080,1050940,885.0,640.0,10
CON000718,2024-11,APP044,BU005,779,232142,1508923,930.0,720.0,11
CON000719,2024-11,APP045,BU006,817,257355,643387,975.0,800.0,12
CON000720,2024-11,APP045,BU008,815,256725,641812,975.0,800.0,12
CON000721,2024-11,APP046,BU007,908,301456,1055096,1020.0,880.0,13
CON000722,2024-11,APP047,BU008,955,333295,1499827,1065.0,960.0,14
CON000723,2024-11,APP048,BU009,1025,375150,2063325,1110.0,1040.0,15
CON000724,2024-11,APP048,BU001,1020,373320,2053260,1110.0,1040.0,15
CON000725,2024-11,APP049,BU010,1091,417853,2716044,1155.0,1120.0,16
CON000726,2024-11,APP050,BU001,1158,463200,1158000,1200.0,1200.0,17
CON000727,2024-12,APP001,BU002,8603,6719997,25901798,4271.154017288812,8500.0,45
CON000728,2024-12,APP002,BU003,528,97152,437184,240.0,360.0,7
CON000729,2024-12,APP003,BU004,596,119796,658878,285.0,440.0,8
CON000730,2024-12,APP003,BU006,581,116781,642295,285.0,440.0,8
CON000731,2024-12,APP004,BU005,676,147368,957892,330.0,520.0,10
CON000732,2024-12,APP005,BU006,698,164030,410075,375.0,600.0,10
CON000733,2024-12,APP006,BU007,781,196812,688842,420.0,680.0,11
CON000734,2024-12,APP006,BU009,778,196056,686196,420.0,680.0,11
CON000735,2024-12,APP007,BU008,854,229726,1033767,465.0,760.0,12
CON000736,2024-12,APP008,BU009,925,264550,1455025,510.0,840.0,13
CON000737,2024-12,APP009,BU010,964,292092,1898598,555.0,920.0,14
CON000738,2024-12,APP009,BU002,999,302697,1967530,555.0,920.0,14
CON000739,2024-12,APP010,BU001,1051,336320,840800,600.0,1000.0,15
CON000740,2024-12,APP011,BU002,1077,362949,1270321,645.0,1080.0,16
CON000741,2024-12,APP012,BU003,1140,403560,1816020,690.0,1160.0,17
CON000742,2024-12,APP012,BU005,1179,417366,1878147,690.0,1160.0,17
CON000743,2024-12,APP013,BU004,1240,460040,2530220,735.0,1240.0,18
CON000744,2024-12,APP014,BU005,10718,6011590,28296992,6043.3,7800.0,113
CON000745,2024-12,APP015,BU006,1352,547560,1368900,825.0,1400.0,20
CON000746,2024-12,APP015,BU008,1351,547155,1367887,825.0,1400.0,20
CON000747,2024-12,APP016,BU007,1418,598396,2094386,870.0,1480.0,21
CON000748,2024-12,APP017,BU008,1510,662890,2983005,915.0,1560.0,22
CON000749,2024-12,APP018,BU009,1594,248664,1367652,960.0,1640.0,23
CON000750,2024-12,APP018,BU001,1561,243516,1339338,960.0,1640.0,23
CON000751,2024-12,APP019,BU010,1584,274032,1781208,1005.0,1720.0,23
CON000752,2024-12,APP020,BU001,1665,316350,790875,1050.0,1800.0,24
CON000753,2024-12,APP021,BU002,152,12888,47795,650.0,1200.0,68
CON000754,2024-12,APP021,BU004,155,12937,48524,650.0,1200.0,68
CON000755,2024-12,APP022,BU003,531,427137,971436,980.0,3100.0,28
CON000756,2024-12,APP023,BU004,1864,449224,2470732,1185.0,2040.0,27
CON000757,2024-12,APP024,BU005,1967,507486,3298659,1230.0,2120.0,29
CON000758,2024-12,APP024,BU007,1962,506196,3290274,1230.0,2120.0,29
CON000759,2024-12,APP025,BU006,2022,556050,1390125,1275.0,2200.0,30
CON000760,2024-12,APP026,BU007,2121,619332,2167662,1320.0,2280.0,31
CON000761,2024-12,APP027,BU008,2142,661878,2978451,165.0,2360.0,32
CON000762,2024-12,APP027,BU010,2196,678564,3053538,165.0,2360.0,32
CON000763,2024-12,APP028,BU009,2215,722090,3971495,210.0,2440.0,33
CON000764,2024-12,APP029,BU010,2259,774837,5036440,255.0,2520.0,33
CON000765,2024-12,APP030,BU001,2351,846360,2115900,300.0,2600.0,35
CON000766,2024-12,APP030,BU003,2328,838080,2095200,300.0,2600.0,34
CON000767,2024-12,APP031,BU002,2399,904423,3165480,345.0,2680.0,35
CON000768,2024-12,APP032,BU003,2487,979878,4409451,390.0,2760.0,37
CON000769,2024-12,APP033,BU004,2556,1050516,5777838,435.0,2840.0,38
CON000770,2024-12,APP033,BU006,2532,1040652,5723586,435.0,2840.0,37
CON000771,2024-12,APP034,BU005,2629,1125212,7313878,480.0,2920.0,39
CON000772,2024-12,APP035,BU006,2698,1200610,3001525,525.0,3000.0,40
CON000773,2024-12,APP036,BU007,2768,448416,1569456,570.0,3080.0,41
CON000774,2024-12,APP036,BU009,2750,445500,1559250,570.0,3080.0,41
CON000775,2024-12,APP037,BU008,2832,506928,2281176,615.0,3160.0,42
CON000776,2024-12,APP038,BU009,2832,555072,3052896,660.0,240.0,42
CON000777,2024-12,APP039,BU010,428,91164,592566,705.0,320.0,6
CON000778,2024-12,APP039,BU002,417,88821,577336,705.0,320.0,6
CON000779,2024-12,APP040,BU001,502,115460,288650,750.0,400.0,7
CON000780,2024-12,APP041,BU002,553,136591,478068,795.0,480.0,8
CON000781,2024-12,APP042,BU003,626,165264,743688,840.0,560.0,9
CON000782,2024-12,APP042,BU005,667,176088,792396,840.0,560.0,10
CON000783,2024-12,APP043,BU004,691,194171,1067940,885.0,640.0,10
CON000784,2024-12,APP044,BU005,768,228864,1487616,930.0,720.0,11
CON000785,2024-12,APP045,BU006,820,258300,645750,975.0,800.0,12
CON000786,2024-12,APP045,BU008,826,260190,650475,975.0,800.0,12
CON000787,2024-12,APP046,BU007,890,295480,1034180,1020.0,880.0,13
CON000788,2024-12,APP047,BU008,963,336087,1512391,1065.0,960.0,14
CON000789,2024-12,APP048,BU009,1043,381738,2099559,1110.0,1040.0,15
CON000790,2024-12,APP048,BU001,1052,385032,2117676,1110.0,1040.0,15
CON000791,2024-12,APP049,BU010,1091,417853,2716044,1155.0,1120.0,16
CON000792,2024-12,APP050,BU001,1161,464400,1161000,1200.0,1200.0,17
