benefit_id,kpi_id,weight
BEN001,KPI001,1.0
BEN002,KPI002,1.0
BEN003,KPI003,1.0
BEN004,KPI004,1.0
BEN005,KPI005,1.0
BEN006,KPI006,1.0
BEN007,KPI007,1.0
BEN008,KPI008,1.0
BEN009,KPI009,1.0
BEN010,KPI010,1.0
BEN011,KPI011,1.0
BEN012,KPI012,1.0
BEN013,KPI013,1.0
BEN014,KPI014,1.0
BEN015,KPI015,1.0
BEN016,KPI001,1.0
BEN017,KPI002,1.0
BEN018,KPI003,1.0
BEN019,KPI004,1.0
BEN020,KPI005,1.0
BEN021,KPI006,1.0
BEN022,KPI007,1.0
BEN023,KPI008,1.0
BEN024,KPI009,1.0
BEN025,KPI010,1.0
BEN026,KPI011,1.0
BEN027,KPI012,1.0
BEN028,KPI013,1.0
BEN029,KPI014,1.0
BEN030,KPI015,1.0
BEN031,KPI001,1.0
BEN032,KPI002,1.0
BEN033,KPI003,1.0
BEN034,KPI004,1.0
BEN035,KPI005,1.0
BEN036,KPI006,1.0
BEN037,KPI007,1.0
BEN038,KPI008,1.0
BEN039,KPI009,1.0
BEN040,KPI010,1.0
BEN041,KPI011,1.0
BEN042,KPI012,1.0
BEN043,KPI013,1.0
BEN044,KPI014,1.0
BEN045,KPI015,1.0
BEN046,KPI001,1.0
BEN047,KPI002,1.0
BEN048,KPI003,1.0
BEN049,KPI004,1.0
BEN050,KPI005,1.0
BEN051,KPI006,1.0
BEN052,KPI007,1.0
BEN053,KPI008,1.0
BEN054,KPI009,1.0
BEN055,KPI010,1.0
BEN056,KPI011,1.0
BEN057,KPI012,1.0
BEN058,KPI013,1.0
BEN059,KPI014,1.0
BEN060,KPI015,1.0
BEN061,KPI001,1.0
BEN062,KPI002,1.0
BEN063,KPI003,1.0
BEN064,KPI004,1.0
BEN065,KPI005,1.0
BEN066,KPI006,1.0
BEN067,KPI007,1.0
BEN068,KPI008,1.0
BEN069,KPI009,1.0
BEN070,KPI010,1.0
BEN071,KPI011,1.0
BEN072,KPI012,1.0
BEN073,KPI013,1.0
BEN074,KPI014,1.0
BEN075,KPI015,1.0
BEN076,KPI001,1.0
BEN077,KPI002,1.0
BEN078,KPI003,1.0
BEN079,KPI004,1.0
BEN080,KPI005,1.0
