project_id,capability_id
PRJ001,CAP001
PRJ002,CAP003
PRJ002,CAP004
PRJ003,CAP005
PRJ004,CAP007
PRJ004,CAP008
PRJ005,CAP009
PRJ006,CAP011
PRJ006,CAP012
PRJ007,CAP013
PRJ008,CAP015
PRJ008,CAP016
PRJ009,CAP017
PRJ010,CAP019
PRJ010,CAP020
PRJ011,CAP021
PRJ012,CAP023
PRJ012,CAP024
PRJ013,CAP025
PRJ014,CAP002
PRJ014,CAP003
PRJ015,CAP004
PRJ016,CAP006
PRJ016,CAP007
PRJ017,CAP008
PRJ018,CAP010
PRJ018,CAP011
PRJ019,CAP012
PRJ020,CAP014
PRJ020,CAP015
PRJ021,CAP016
PRJ022,CAP018
PRJ022,CAP019
PRJ023,CAP020
PRJ024,CAP022
PRJ024,CAP023
PRJ025,CAP024
PRJ026,CAP001
PRJ026,CAP002
PRJ027,CAP003
PRJ028,CAP005
PRJ028,CAP006
PRJ029,CAP007
PRJ030,CAP009
PRJ030,CAP010
PRJ031,CAP011
PRJ032,CAP013
PRJ032,CAP014
PRJ033,CAP015
PRJ034,CAP017
PRJ034,CAP018
PRJ035,CAP019
PRJ036,CAP021
PRJ036,CAP022
PRJ037,CAP023
PRJ038,CAP025
PRJ038,CAP001
PRJ039,CAP002
PRJ040,CAP004
PRJ040,CAP005
