application_id,technology_id
APP001,TECH018
APP001,TECH013
APP001,TECH008
APP002,TECH025
APP002,TECH020
APP002,TECH030
APP002,TECH015
APP003,TECH027
APP003,TECH022
APP004,TECH034
APP004,TECH004
APP004,TECH029
APP005,TECH001
APP005,TECH011
APP005,TECH006
APP005,TECH016
APP006,TECH013
APP006,TECH008
APP007,TECH025
APP007,TECH020
APP007,TECH015
APP008,TECH002
APP008,TECH027
APP008,TECH022
APP008,TECH032
APP009,TECH034
APP009,TECH029
APP010,TECH001
APP010,TECH011
APP010,TECH006
APP011,TECH018
APP011,TECH013
APP011,TECH023
APP011,TECH008
APP012,TECH020
APP012,TECH015
APP013,TECH027
APP013,TECH022
APP013,TECH032
APP014,TECH009
APP014,TECH034
APP014,TECH004
APP014,TECH029
APP015,TECH001
APP015,TECH006
APP016,TECH018
APP016,TECH013
APP016,TECH008
APP017,TECH025
APP017,TECH020
APP017,TECH030
APP017,TECH015
APP018,TECH027
APP018,TECH022
APP019,TECH034
APP019,TECH004
APP019,TECH029
APP020,TECH001
APP020,TECH011
APP020,TECH006
APP020,TECH016
APP021,TECH013
APP021,TECH008
APP022,TECH025
APP022,TECH020
APP022,TECH015
APP023,TECH002
APP023,TECH027
APP023,TECH022
APP023,TECH032
APP024,TECH034
APP024,TECH029
APP025,TECH001
APP025,TECH011
APP025,TECH006
APP026,TECH018
APP026,TECH013
APP026,TECH023
APP026,TECH008
APP027,TECH020
APP027,TECH015
APP028,TECH027
APP028,TECH022
APP028,TECH032
APP029,TECH009
APP029,TECH034
APP029,TECH004
APP029,TECH029
APP030,TECH001
APP030,TECH006
APP031,TECH018
APP031,TECH013
APP031,TECH008
APP032,TECH025
APP032,TECH020
APP032,TECH030
APP032,TECH015
APP033,TECH027
APP033,TECH022
APP034,TECH034
APP034,TECH004
APP034,TECH029
APP035,TECH001
APP035,TECH011
APP035,TECH006
APP035,TECH016
APP036,TECH013
APP036,TECH008
APP037,TECH025
APP037,TECH020
APP037,TECH015
APP038,TECH002
APP038,TECH027
APP038,TECH022
APP038,TECH032
APP039,TECH034
APP039,TECH029
APP040,TECH001
APP040,TECH011
APP040,TECH006
APP041,TECH018
APP041,TECH013
APP041,TECH023
APP041,TECH008
APP042,TECH020
APP042,TECH015
APP043,TECH027
APP043,TECH022
APP043,TECH032
APP044,TECH009
APP044,TECH034
APP044,TECH004
APP044,TECH029
APP045,TECH001
APP045,TECH006
APP046,TECH018
APP046,TECH013
APP046,TECH008
APP047,TECH025
APP047,TECH020
APP047,TECH030
APP047,TECH015
APP048,TECH027
APP048,TECH022
APP049,TECH034
APP049,TECH004
APP049,TECH029
APP050,TECH001
APP050,TECH011
APP050,TECH006
APP050,TECH016
