application_id,project_id,relationship_type
APP001,PRJ001,Funded/Modernized
APP004,PRJ002,Funded/Modernized
APP007,PRJ003,Funded/Modernized
APP010,PRJ004,Funded/Modernized
APP013,PRJ005,Funded/Modernized
APP016,PRJ006,Funded/Modernized
APP019,PRJ007,Funded/Modernized
APP022,PRJ008,Funded/Modernized
APP025,PRJ009,Funded/Modernized
APP028,PRJ010,Funded/Modernized
APP031,PRJ011,Funded/Modernized
APP034,PRJ012,Funded/Modernized
APP037,PRJ013,Funded/Modernized
APP040,PRJ014,Funded/Modernized
APP043,PRJ015,Funded/Modernized
APP046,PRJ016,Funded/Modernized
APP049,PRJ017,Funded/Modernized
APP002,PRJ018,Funded/Modernized
APP005,PRJ019,Funded/Modernized
APP008,PRJ020,Funded/Modernized
APP011,PRJ021,Funded/Modernized
APP014,PRJ022,Funded/Modernized
APP017,PRJ023,Funded/Modernized
APP020,PRJ024,Funded/Modernized
APP023,PRJ025,Funded/Modernized
APP026,PRJ026,Funded/Modernized
APP029,PRJ027,Funded/Modernized
APP032,PRJ028,Funded/Modernized
APP035,PRJ029,Funded/Modernized
APP038,PRJ030,Funded/Modernized
APP041,PRJ031,Funded/Modernized
APP044,PRJ032,Funded/Modernized
APP047,PRJ033,Funded/Modernized
APP050,PRJ034,Funded/Modernized
APP003,PRJ035,Funded/Modernized
APP006,PRJ036,Funded/Modernized
APP009,PRJ037,Funded/Modernized
APP012,PRJ038,Funded/Modernized
APP015,PRJ039,Funded/Modernized
APP018,PRJ040,Funded/Modernized
