application_id,capability_id,support_type
APP001,CAP001,Primary
APP001,CAP005,Secondary
APP002,CAP002,Primary
APP003,CAP003,Primary
APP004,CAP004,Primary
APP004,CAP008,Secondary
APP005,CAP005,Primary
APP006,CAP006,Primary
APP007,CAP007,Primary
APP007,CAP011,Secondary
APP008,CAP008,Primary
APP009,CAP009,Primary
APP010,CAP010,Primary
APP010,CAP014,Secondary
APP011,CAP011,Primary
APP012,CAP012,Primary
APP013,CAP013,Primary
APP013,CAP017,Secondary
APP014,CAP014,Primary
APP015,CAP015,Primary
APP016,CAP016,Primary
APP016,CAP020,Secondary
APP017,CAP017,Primary
APP018,CAP018,Primary
APP019,CAP019,Primary
APP019,CAP023,Secondary
APP020,CAP020,Primary
APP021,CAP021,Primary
APP022,CAP022,Primary
APP022,CAP001,Secondary
APP023,CAP023,Primary
APP024,CAP024,Primary
APP025,CAP025,Primary
APP025,CAP004,Secondary
APP026,CAP001,Primary
APP027,CAP002,Primary
APP028,CAP003,Primary
APP028,CAP007,Secondary
APP029,CAP004,Primary
APP030,CAP005,Primary
APP031,CAP006,Primary
APP031,CAP010,Secondary
APP032,CAP007,Primary
APP033,CAP008,Primary
APP034,CAP009,Primary
APP034,CAP013,Secondary
APP035,CAP010,Primary
APP036,CAP011,Primary
APP037,CAP012,Primary
APP037,CAP016,Secondary
APP038,CAP013,Primary
APP039,CAP014,Primary
APP040,CAP015,Primary
APP040,CAP019,Secondary
APP041,CAP016,Primary
APP042,CAP017,Primary
APP043,CAP018,Primary
APP043,CAP022,Secondary
APP044,CAP019,Primary
APP045,CAP020,Primary
APP046,CAP021,Primary
APP046,CAP025,Secondary
APP047,CAP022,Primary
APP048,CAP023,Primary
APP049,CAP024,Primary
APP049,CAP003,Secondary
APP050,CAP025,Primary
APP005,CAP003,Primary
APP012,CAP003,Overlapping
APP006,CAP004,Primary
APP018,CAP004,Overlapping
APP021,CAP001,Overlapping
