vendor_id,vendor_name,vendor_category,contract_value,contract_start,contract_end
VEN001,TechNova,Cloud Provider,320000000.0,2022-01-01,2026-12-31
VEN002,CloudSphere,Infrastructure,185000000.0,2023-03-01,2025-02-28
VEN003,DataForge,Data Platform,140000000.0,2022-07-01,2025-06-30
VEN004,EnterpriseSoft,Software License,240000000.0,2021-04-01,2025-03-31
VEN005,InfraWorks,Hardware,95000000.0,2023-01-01,2026-12-31
VEN006,CyberShield,Security,110000000.0,2023-06-01,2026-05-31
VEN007,ApexLogic,System Integrator,160000000.0,2022-10-01,2025-09-30
VEN008,GlobalNet,Telecom & Network,125000000.0,2021-01-01,2025-12-31
VEN009,PrimeScale,Compute & SaaS,175000000.0,2023-08-01,2026-07-31
VEN010,SysCore,Software License,85000000.0,2020-01-01,2024-12-31
